id,name,name_hira,age,pref,sex,is_delete,create_at
1,田中 大樹,たなか ひろき,19,23,1,0,2019/12/01 0:00:00
2,山口 雅也,やまぐち まさや,40,38,1,0,2019/12/01 0:00:00
3,高山 哲也,たかやま てつや,48,14,1,0,2019/12/01 0:00:00
4,大塚 祐介,おおつか ゆうすけ,20,47,1,0,2019/12/01 0:00:00
5,藤原 昇,ふじわら のぼる,15,33,1,1,2019/12/01 0:00:00
6,野田 健二,のだ けんじ,41,3,1,1,2019/12/01 0:00:00
7,小松 博之,こまつ ひろゆき,20,15,1,0,2019/12/01 0:00:00
8,宮本 正明,みやもと まさあき,22,29,1,0,2019/12/01 0:00:00
9,齋藤 篤志,さいとう あつし,69,32,1,0,2019/12/01 0:00:00
10,宮下 賢一,みやした けんいち,41,41,1,0,2019/12/01 0:00:00
11,東 仁,ひがし ひとし,65,42,1,0,2019/12/01 0:00:00
12,朝倉 隆,あさくら たかし,68,22,1,0,2019/12/01 0:00:00
13,横山 幸男,よこやま ゆきお,57,24,1,0,2019/12/01 0:00:00
14,吉川 昌宏,よしかわ まさひろ,20,22,1,0,2019/12/01 0:00:00
15,長澤 裕之,ながさわ ひろゆき,51,16,1,0,2019/12/01 0:00:00
16,野村 慎二,のむら しんじ,24,11,1,0,2019/12/01 0:00:00
17,久保 正行,くぼ まさゆき,41,1,1,0,2019/12/01 0:00:00
18,高島 武,たかしま たけし,42,10,1,0,2019/12/01 0:00:00
19,浅井 佑介,あさい ゆうすけ,55,45,1,0,2019/12/01 0:00:00
20,小嶋 良太,こじま りょうた,32,13,1,0,2019/12/01 0:00:00
21,小池 孝志,こいけ たかし,39,40,1,0,2019/12/01 0:00:00
22,松浦 博幸,まつうら ひろゆき,39,47,1,0,2019/12/01 0:00:00
23,内海 亮太,うつみ りょうた,36,47,1,0,2019/12/01 0:00:00
24,桑原 充,くわはら みつる,28,6,1,0,2019/12/01 0:00:00
25,岩本 祥平,いわもと しょうへい,18,21,1,0,2019/12/01 0:00:00
26,江口 勇樹,えぐち ゆうき,32,8,1,0,2019/12/01 0:00:00
27,河野 裕樹,かわの ゆうき,15,23,1,0,2019/12/01 0:00:00
28,今野 透,こんの とおる,43,7,1,0,2019/12/01 0:00:00
29,畠山 治,はたけやま おさむ,28,45,1,0,2019/12/01 0:00:00
30,日野 慎也,ひの しんや,40,33,1,0,2019/12/01 0:00:00
31,北原 一,きたはら はじめ,66,38,1,0,2019/12/01 0:00:00
32,山岸 耕平,やまぎし こうへい,40,\N,1,0,2019/12/01 0:00:00
33,川野 圭介,かわの けいすけ,58,27,1,0,2019/12/01 0:00:00
34,緒方 寛之,おがた ひろゆき,70,37,1,0,2019/12/01 0:00:00
35,川端 貴大,かわばた たかひろ,34,6,1,0,2019/12/01 0:00:00
36,田川 智,たがわ さとし,67,24,1,0,2019/12/01 0:00:00
37,篠田 俊之,しのだ としゆき,52,22,1,0,2019/12/01 0:00:00
38,安達 宏幸,あだち ひろゆき,69,34,1,0,2019/12/01 0:00:00
39,秋元 真人,あきもと まさと,45,20,1,0,2019/12/01 0:00:00
40,柳澤 克彦,やなぎさわ かつひこ,67,3,1,0,2019/12/01 0:00:00
41,坪井 肇,つぼい はじめ,64,10,1,0,2019/12/01 0:00:00
42,北山 満,きたやま みつる,22,36,1,0,2019/12/01 0:00:00
43,笠原 敬,かさはら たかし,69,38,1,0,2019/12/01 0:00:00
44,長田 猛,おさだ たけし,34,31,1,0,2019/12/01 0:00:00
45,浅田 健人,あさだ けんと,58,20,1,0,2019/12/01 0:00:00
46,岩佐 悠,いわさ ゆう,32,41,1,0,2019/12/01 0:00:00
47,藤村 竜一,ふじむら りゅういち,35,43,1,0,2019/12/01 0:00:00
48,北島 仁,きたじま じん,56,6,1,0,2019/12/01 0:00:00
49,植村 良平,うえむら りょうへい,28,46,1,0,2019/12/01 0:00:00
50,栗山 一彦,くりやま かずひこ,47,\N,1,0,2019/12/01 0:00:00
51,水上 和之,みずかみ かずゆき,56,23,1,0,2019/12/01 0:00:00
52,瀬川 晋,せがわ すすむ,18,34,1,0,2019/12/01 0:00:00
53,野澤 克也,のざわ かつや,56,31,1,0,2019/12/01 0:00:00
54,江藤 歩,えとう あゆむ,27,38,1,0,2019/12/01 0:00:00
55,鳥居 裕樹,とりい ひろき,41,9,1,0,2019/12/01 0:00:00
56,阪本 圭祐,さかもと けいすけ,57,23,1,0,2019/12/01 0:00:00
57,岩永 栄治,いわなが えいじ,22,25,1,0,2019/12/01 0:00:00
58,藤森 久,ふじもり ひさし,42,28,1,0,2019/12/01 0:00:00
59,小宮 正志,こみや まさし,42,7,1,0,2019/12/01 0:00:00
60,菅原 直紀,すがはら なおき,56,28,1,0,2019/12/01 0:00:00
61,中村 かすみ,なかむら かすみ,69,41,2,0,2019/12/01 0:00:00
62,木下 奈津美,きのした なつみ,41,20,2,0,2019/12/01 0:00:00
63,内海 久美子,うつみ くみこ,31,19,2,0,2019/12/01 0:00:00
64,高橋 美妃,たかはし みき,17,2,2,0,2019/12/01 0:00:00
65,根本 弥生,ねもと やよい,39,29,2,0,2019/12/01 0:00:00
66,大野 有希子,おおの ゆきこ,26,\N,2,0,2019/12/01 0:00:00
67,島田 香里,しまだ かおり,18,4,2,0,2019/12/01 0:00:00
68,野澤 洋子,のざわ ようこ,59,10,2,0,2019/12/01 0:00:00
69,山崎 文香,やまざき ふみか,41,19,2,0,2019/12/01 0:00:00
70,田原 順子,たはら じゅんこ,40,31,2,0,2019/12/01 0:00:00
71,山下 利香,やました りか,63,15,2,0,2019/12/01 0:00:00
72,石川 桃,いしかわ もも,53,5,2,0,2019/12/01 0:00:00
73,金子 光代,かねこ みつよ,22,43,2,0,2019/12/01 0:00:00
74,栗田 聡美,くりた さとみ,47,23,2,0,2019/12/01 0:00:00
75,上田 ゆうこ,うえだ ゆうこ,15,33,2,0,2019/12/01 0:00:00
76,伊東 利恵,いとう りえ,42,16,2,0,2019/12/01 0:00:00
77,今井 光,いまい ひかり,17,47,2,1,2019/12/01 0:00:00
78,小嶋 裕美子,こじま ゆみこ,43,30,2,1,2019/12/01 0:00:00
79,横井 はるか,よこい はるか,64,25,2,0,2019/12/01 0:00:00
80,松村 佳那,まつむら かな,53,15,2,0,2019/12/01 0:00:00
81,藤本 利佳,ふじもと りか,24,10,2,0,2019/12/01 0:00:00
82,木内 裕美,きうち ゆみ,32,10,2,0,2019/12/01 0:00:00
83,菅野 則子,かんの のりこ,61,45,2,0,2019/12/01 0:00:00
84,吉岡 安奈,よしおか あんな,69,23,2,0,2019/12/01 0:00:00
85,篠原 えみ,しのはら えみ,48,27,2,0,2019/12/01 0:00:00
86,上野 有佳,うえの ゆか,20,28,2,0,2019/12/01 0:00:00
87,金城 良子,きんじょう よしこ,48,\N,2,0,2019/12/01 0:00:00
88,三上 衣里,みかみ えり,20,12,2,0,2019/12/01 0:00:00
89,内山 加奈恵,うちやま かなえ,41,1,2,0,2019/12/01 0:00:00
90,坂田 由加,さかた ゆか,68,26,2,0,2019/12/01 0:00:00
91,菅原 紗也加,すがわら さやか,66,22,2,0,2019/12/01 0:00:00
92,永田 祐衣,ながた ゆい,36,35,2,0,2019/12/01 0:00:00
93,小柳 智美,こやなぎ さとみ,58,21,2,0,2019/12/01 0:00:00
94,高原 秀美,たかはら ひでみ,62,33,2,0,2019/12/01 0:00:00
95,岩瀬 史織,いわせ しおり,20,43,2,0,2019/12/01 0:00:00
96,森下 麻弥,もりした まや,38,3,2,0,2019/12/01 0:00:00
97,本間 由記,ほんま ゆき,21,7,2,0,2019/12/01 0:00:00
98,小西 萌美,こにし もえみ,26,10,2,0,2019/12/01 0:00:00
99,塚田 桜子,つかだ さくらこ,66,21,2,0,2019/12/01 0:00:00
100,安井 多恵,やすい たえ,32,30,2,0,2019/12/01 0:00:00
101,望月 ゆき子,もちづき ゆきこ,45,18,2,0,2019/12/01 0:00:00
102,白井 友子,しらい ゆうこ,22,8,2,0,2019/12/01 0:00:00
103,溝口 幸,みぞぐち ゆき,38,40,2,0,2019/12/01 0:00:00
104,金澤 幸美,かなざわ ゆきみ,28,6,2,0,2019/12/01 0:00:00
105,井手 真代,いで まよ,54,42,2,0,2019/12/01 0:00:00
106,大江 まい,おおえ まい,59,9,2,0,2019/12/01 0:00:00
107,浜田 亜未,はまだ あみ,23,30,2,0,2019/12/01 0:00:00
108,須田 智里,すだ ちさと,30,40,2,0,2019/12/01 0:00:00
109,瀬戸 麻友美,せと まゆみ,39,10,2,0,2019/12/01 0:00:00
110,榊原 亜紗美,さかきばら あさみ,54,19,2,0,2019/12/01 0:00:00
111,小野寺 由子,おのでら よしこ,37,34,2,0,2019/12/01 0:00:00
112,古屋 美紅,ふるや みく,31,27,2,0,2019/12/01 0:00:00
113,志村 由佳理,しむら ゆかり,46,39,2,0,2019/12/01 0:00:00
114,赤松 若奈,あかまつ わかな,30,29,2,0,2019/12/01 0:00:00
115,原口 貴恵,はらぐち きえ,15,22,2,0,2019/12/01 0:00:00
116,柳 和世,やなぎ かずよ,40,32,2,0,2019/12/01 0:00:00
117,長井 薫子,ながい かおるこ,49,8,2,0,2019/12/01 0:00:00
118,梶原 沙矢香,かじわら さやか,46,38,2,0,2019/12/01 0:00:00
119,守屋 千景,もりや ちかげ,47,7,2,0,2019/12/01 0:00:00
120,那須 いくみ,なす いくみ,52,34,2,1,2019/12/01 0:00:00